score,review,compound,neg,neu,pos,vader_rating,keyword,word,feature
1,"The app is good. This 1 star is for your WhatsApp CS, very slow response. Even I got recovered before the CS reply my WA.",0.4404,0,0.892,0.108,1,"[('whatsapp cs', 0.7004), ('app', 0.4297), ('star', 0.2012), ('response', 0.1543), ('wa', 0.1428)]","('whatsapp cs', 0.7004)",customer service
1,"The app is good. This 1 star is for your WhatsApp CS, very slow response. Even I got recovered before the CS reply my WA.",0.4404,0,0.892,0.108,1,"[('whatsapp cs', 0.7004), ('app', 0.4297), ('star', 0.2012), ('response', 0.1543), ('wa', 0.1428)]","'response', 0.1543)",response
5,Good application very helpful. Thanks Alodokter,0.847,0,0.246,0.754,2,"[('application', 0.5497), ('thanks alodokter', 0.3911)]","('application', 0.5497)",user experience
5,Quick answer and helpful,0.4215,0,0.517,0.483,1,"[('answer', 0.4)]","('answer', 0.4)",response
1,Very bad apps,-0.5849,0.655,0.345,0,-2,"[('apps', 0.6496)]","('apps', 0.6496)",user experience
5,Easy to use,0.4404,0,0.408,0.592,2,[],,user experience
3,Practise does not always mean accurate,0,0,1,0,0,"[('practise', 0.7261)]","('practise', 0.7261)",user experience
5,"Easy to use, and good UIX",0.7003,0,0.408,0.592,2,"[('uix', 0.7573)]","('uix', 0.7573)",user experience
5,"Easy to use, and good UIX",0.7003,0,0.408,0.592,2,"[('uix', 0.7573)]","('uix', 0.7573)",user interface
3,"Would be better if the app have feature to download invoice, doctor's prescription, and diagnose.",0.4404,0,0.828,0.172,1,"[('app', 0.5099), ('download invoice', 0.3912), ('prescription', 0.3126), ('doctor', 0.2991), ('have feature', 0.2263)]","'download invoice', 0.3912)",download invoice
3,"Would be better if the app have feature to download invoice, doctor's prescription, and diagnose.",0.4404,0,0.828,0.172,1,"[('app', 0.5099), ('download invoice', 0.3912), ('prescription', 0.3126), ('doctor', 0.2991), ('have feature', 0.2263)]","'prescription', 0.3126)",prescription
3,"Would be better if the app have feature to download invoice, doctor's prescription, and diagnose.",0.4404,0,0.828,0.172,1,"[('app', 0.5099), ('download invoice', 0.3912), ('prescription', 0.3126), ('doctor', 0.2991), ('have feature', 0.2263)]","'doctor', 0.2991)",doctor
5,"quick response, very2 good 👍👍",0.4404,0,0.707,0.293,1,"[('very2', 0.6648), ('response', 0.4043), ('👍 👍', 0.2735)]","'response', 0.4043)",response
5,"Helpful, eventhoigh the features need to be learned but the doctor that online, are fast reaction than other health telemedicine operator",0.2263,0,0.913,0.087,1,"[('health telemedicine operator', 0.7534), ('doctor', 0.4904), ('features', 0.2751), ('reaction', 0.022)]","('health telemedicine operator', 0.7534)",customer service
5,"Helpful, eventhoigh the features need to be learned but the doctor that online, are fast reaction than other health telemedicine operator",0.2263,0,0.913,0.087,1,"[('health telemedicine operator', 0.7534), ('doctor', 0.4904), ('features', 0.2751), ('reaction', 0.022)]","'doctor', 0.4904)",doctor
5,"Helpful, eventhoigh the features need to be learned but the doctor that online, are fast reaction than other health telemedicine operator",0.2263,0,0.913,0.087,1,"[('health telemedicine operator', 0.7534), ('doctor', 0.4904), ('features', 0.2751), ('reaction', 0.022)]","'reaction', 0.022)",response
5,Love 😘❤️😘 you,0.8689,0,0.479,0.521,2,"[('love 😘', 0.8543), ('😘', 0.4148)]","('love 😘', 0.8543)",user experience
5,"Very helpful, specially in pandemic",0.4754,0,0.564,0.436,1,[],,user experience
5,Helpful even at night time.,0.4215,0,0.588,0.412,1,"[('night time', 0.5221)]","('night time', 0.5221)",user experience
5,"very helpful, thank you",0.707,0,0.254,0.746,2,[],,user experience
4,Easier and cheaper but useful..,0.6956,0,0.343,0.657,2,[],,user experience
4,Simple to use for health consulting,0,0,1,0,0,"[('health consulting', 0.791)]","('health consulting', 0.791)",consultation
5,Fast Respon and clear information,0.3818,0,0.606,0.394,1,"[('information', 0.4625), ('respon', 0.3674)]","('information', 0.4625)",information
5,Fast Respon and clear information,0.3818,0,0.606,0.394,1,"[('information', 0.4625), ('respon', 0.3674)]","'respon', 0.3674)",response
5,Fast and accurate. Thank you Alodokter (dr.Tea),0.3612,0,0.706,0.294,1,"[('dr . tea', 0.5364), ('alodokter', 0.372)]","('dr . tea', 0.5364)",user experience
2,I do not understand why this app cannot be opened?,0,0,1,0,0,"[('app', 0.5304)]","('app', 0.5304)",user experience
5,I had an experience to consult with one of the general doctor. She is very responsive. Nice,0.707,0,0.719,0.281,1,"[('doctor', 0.3208), ('experience', 0.0692)]","('doctor', 0.3208)",doctor
5,Convenient and easy.,0.4404,0,0.408,0.592,2,[],,user experience
3,"Because of there is no payment system from the application itself, the price of the doctors can actually be more expensive than what Alodokter has inform, just like my experience where Alodokter told to pay only 75k, but when i actually want to pay after the consult, it rise up to 110k (100k/consult+10k admin fee). This is so embarrassing where at that time i only bring 100k and did not have more exchange, i hope this can be reviewed and changed in the future.",-0.129,0.096,0.824,0.08,-1,"[('consult+10k admin fee', 0.5785), ('payment system', 0.2807), ('doctors', 0.2699), ('consult', 0.2626), ('alodokter', 0.2499)]","('consult+10k admin fee', 0.5785)",admin fee
3,"Because of there is no payment system from the application itself, the price of the doctors can actually be more expensive than what Alodokter has inform, just like my experience where Alodokter told to pay only 75k, but when i actually want to pay after the consult, it rise up to 110k (100k/consult+10k admin fee). This is so embarrassing where at that time i only bring 100k and did not have more exchange, i hope this can be reviewed and changed in the future.",-0.129,0.096,0.824,0.08,-1,"[('consult+10k admin fee', 0.5785), ('payment system', 0.2807), ('doctors', 0.2699), ('consult', 0.2626), ('alodokter', 0.2499)]","'payment system', 0.2807)",payment
3,"Because of there is no payment system from the application itself, the price of the doctors can actually be more expensive than what Alodokter has inform, just like my experience where Alodokter told to pay only 75k, but when i actually want to pay after the consult, it rise up to 110k (100k/consult+10k admin fee). This is so embarrassing where at that time i only bring 100k and did not have more exchange, i hope this can be reviewed and changed in the future.",-0.129,0.096,0.824,0.08,-1,"[('consult+10k admin fee', 0.5785), ('payment system', 0.2807), ('doctors', 0.2699), ('consult', 0.2626), ('alodokter', 0.2499)]","'doctors', 0.2699)",doctor
3,"Because of there is no payment system from the application itself, the price of the doctors can actually be more expensive than what Alodokter has inform, just like my experience where Alodokter told to pay only 75k, but when i actually want to pay after the consult, it rise up to 110k (100k/consult+10k admin fee). This is so embarrassing where at that time i only bring 100k and did not have more exchange, i hope this can be reviewed and changed in the future.",-0.129,0.096,0.824,0.08,-1,"[('consult+10k admin fee', 0.5785), ('payment system', 0.2807), ('doctors', 0.2699), ('consult', 0.2626), ('alodokter', 0.2499)]","'consult', 0.2626)",consultation
5,"Very helpful, fast respons.. mantaabb",0.4754,0,0.564,0.436,1,"[('mantaabb', 0.6783), ('respons', 0.3444)]","('mantaabb', 0.6783)",user experience
5,"Very helpful, fast respons.. mantaabb",0.4754,0,0.564,0.436,1,"[('mantaabb', 0.6783), ('respons', 0.3444)]","'respons', 0.3444)",response
5,very helpfull and informative,0,0,1,0,0,[],,user experience
5,Users friendly. Not complicated.,0.4939,0,0.484,0.516,2,"[('users', 0.4307)]","('users', 0.4307)",user experience
5,This app is really helping me,0.3597,0,0.667,0.333,1,"[('app', 0.5729)]","('app', 0.5729)",user experience
1,"Unuseful, waiting for the Doctor for 2 hours without any information",0,0,1,0,0,"[('doctor', 0.4379), ('information', 0.2596), ('hours', 0.2216)]","('doctor', 0.4379)",doctor
1,"Unuseful, waiting for the Doctor for 2 hours without any information",0,0,1,0,0,"[('doctor', 0.4379), ('information', 0.2596), ('hours', 0.2216)]","'information', 0.2596)",information
5,Thanks doc .,0.4404,0,0.408,0.592,2,"[('thanks', 0.4935)]","('thanks', 0.4935)",user experience
5,Helpful alot for emergency situation,0.0516,0.31,0.357,0.333,1,"[('emergency situation', 0.638), ('alot', 0.2838)]","('emergency situation', 0.638)",user experience
5,"Great experience,with good doctor.",0.7906,0,0.222,0.778,2,"[('doctor', 0.433), ('experience', 0.374)]","('doctor', 0.433)",doctor
5,"Great experience,with good doctor.",0.7906,0,0.222,0.778,2,"[('doctor', 0.433), ('experience', 0.374)]","'experience', 0.374)",user experience
1,Used to love this app until I cannot login anymore. It keeps asking for my full name after logging in using otp. Please fix it :(,0.5574,0.09,0.71,0.201,1,"[('using otp', 0.3838), ('app', 0.3394), ('name', 0.2235), (':(', 0.1913)]","('using otp', 0.3838)",log in
5,Very useful app,0.4927,0,0.385,0.615,2,"[('app', 0.7275)]","('app', 0.7275)",user experience
5,Awesome health application,0.6249,0,0.328,0.672,2,"[('health application', 0.8093)]","('health application', 0.8093)",user experience
4,Can you pls stop your CS from contacting us?,-0.2263,0.21,0.667,0.124,-1,"[('cs', 0.535)]","('cs', 0.535)",customer experience
5,"Good explanation,, when my baby needs help",0.6808,0,0.472,0.528,2,"[('baby', 0.4557), ('explanation', 0.3687), ('needs help', 0.2384)]","'explanation', 0.3687)",information
1,"I pay the consultation, but the doctor does not give any treatmeant for the problem Please if doctor does not give a treatmeant to user, please refund our money",0.2846,0.133,0.701,0.165,1,"[('treatmeant', 0.4692), ('consultation', 0.4607), ('doctor', 0.3712), ('user', 0.1857), ('problem', 0.1736)]","('treatmeant', 0.4692)",treatment
1,"I pay the consultation, but the doctor does not give any treatmeant for the problem Please if doctor does not give a treatmeant to user, please refund our money",0.2846,0.133,0.701,0.165,1,"[('treatmeant', 0.4692), ('consultation', 0.4607), ('doctor', 0.3712), ('user', 0.1857), ('problem', 0.1736)]","'consultation', 0.4607)",consultation
1,"I pay the consultation, but the doctor does not give any treatmeant for the problem Please if doctor does not give a treatmeant to user, please refund our money",0.2846,0.133,0.701,0.165,1,"[('treatmeant', 0.4692), ('consultation', 0.4607), ('doctor', 0.3712), ('user', 0.1857), ('problem', 0.1736)]","'doctor', 0.3712)",doctor
2,God Bless you.,0.5994,0,0.169,0.831,2,"[('god', 0.3805)]","('god', 0.3805)",user experience
1,"DOKTERNYA GA PRAKTEK! APLIKASI ALODOKTER GA UPDATE, BUANG2 WAKTU AJA PAKE ALODOKTER. APLIKASI AMPAS, JANGAN PAKAI APPS INI",0.3867,0,0.879,0.121,1,"[('aplikasi alodokter ga update', 0.7793), ('buang2 waktu aja pake alodokter', 0.7486), ('dokternya ga praktek', 0.674), ('aplikasi ampas', 0.616), ('jangan pakai', 0.439)]","('aplikasi alodokter ga update', 0.7793)",user experience
5,Thank you dr Bunga for your advise...Good Job 👍,0.3612,0,0.783,0.217,1,"[('dr bunga', 0.5981), ('good job 👍', 0.3462), ('advise', 0.2715)]","'advise', 0.2715)",consultation
5,The doctor and the aplication are marvelous,0.5994,0,0.606,0.394,1,"[('doctor', 0.5771), ('aplication', 0.4318)]","('doctor', 0.5771)",doctor
5,Good application and helping for those require medical advice.,0.6249,0,0.579,0.421,1,"[('advice', 0.3443), ('application', 0.3302)]","('advice', 0.3443)",consultation
5,I use this application with payment 39.000 every month. This offers good service with good doctor. 39.000 rupiah can be used for many account. The good thing is there is physcholog as well. This help me and my family,0.9173,0,0.709,0.291,1,"[('application', 0.4131), ('payment', 0.3417), ('account', 0.311), ('is physcholog', 0.3057), ('doctor', 0.2727)]","'payment', 0.3417)",payment
5,I use this application with payment 39.000 every month. This offers good service with good doctor. 39.000 rupiah can be used for many account. The good thing is there is physcholog as well. This help me and my family,0.9173,0,0.709,0.291,1,"[('application', 0.4131), ('payment', 0.3417), ('account', 0.311), ('is physcholog', 0.3057), ('doctor', 0.2727)]","'account', 0.311)",account
5,I use this application with payment 39.000 every month. This offers good service with good doctor. 39.000 rupiah can be used for many account. The good thing is there is physcholog as well. This help me and my family,0.9173,0,0.709,0.291,1,"[('application', 0.4131), ('payment', 0.3417), ('account', 0.311), ('is physcholog', 0.3057), ('doctor', 0.2727)]","'is physcholog', 0.3057)",psycholog
5,I use this application with payment 39.000 every month. This offers good service with good doctor. 39.000 rupiah can be used for many account. The good thing is there is physcholog as well. This help me and my family,0.9173,0,0.709,0.291,1,"[('application', 0.4131), ('payment', 0.3417), ('account', 0.311), ('is physcholog', 0.3057), ('doctor', 0.2727)]","'doctor', 0.2727)",doctor
5,Good app. I can discuss or ask with doctor about my condition,0.4404,0,0.791,0.209,1,"[('app', 0.5739), ('doctor', 0.3493), ('condition', 0.2342)]","'doctor', 0.3493)",doctor
5,Good app. I can discuss or ask with doctor about my condition,0.4404,0,0.791,0.209,1,"[('app', 0.5739), ('doctor', 0.3493), ('condition', 0.2342)]","'condition', 0.2342)",consultation
5,Let Us me get that covid 19 help,0.4019,0,0.722,0.278,1,"[('help', 0.3069)]","('help', 0.3069)",user experience
1,Asking a lot of data that already submitted. Slow response,0,0,1,0,0,"[('data', 0.3554), ('response', 0.3026), ('lot', 0.2257)]","('data', 0.3554)",data
1,Asking a lot of data that already submitted. Slow response,0,0,1,0,0,"[('data', 0.3554), ('response', 0.3026), ('lot', 0.2257)]","'response', 0.3026)",response
1,"Was asking about stomach ache, the doctor answer were about fever. The fever as mention has been gone since day one but the stomach pain remains. That was the question. Please make sure your doctor actually reads the question rather than giving out standard long answer that is useless just to fulfill the sake of answering",0.4404,0.139,0.682,0.179,1,"[('stomach ache', 0.6039), ('stomach pain', 0.5594), ('fever', 0.5554), ('doctor answer', 0.4238), ('doctor', 0.2421)]","'doctor answer', 0.4238)",response
1,"Was asking about stomach ache, the doctor answer were about fever. The fever as mention has been gone since day one but the stomach pain remains. That was the question. Please make sure your doctor actually reads the question rather than giving out standard long answer that is useless just to fulfill the sake of answering",0.4404,0.139,0.682,0.179,1,"[('stomach ache', 0.6039), ('stomach pain', 0.5594), ('fever', 0.5554), ('doctor answer', 0.4238), ('doctor', 0.2421)]","'doctor', 0.2421)",doctor
4,Fast response... Very recommended,0.2716,0,0.589,0.411,1,"[('response', 0.4376)]","('response', 0.4376)",response
5,Very helpful and friendly user,0.762,0,0.314,0.686,2,"[('user', 0.4846)]","('user', 0.4846)",user experience
5,Very helpfull..thanx you,0,0,1,0,0,"[('helpfull', 0.6508)]","('helpfull', 0.6508)",user experience
5,"First experience, thanks",0.4404,0,0.408,0.592,2,"[('experience', 0.4987), ('thanks', 0.3321)]","('experience', 0.4987)",user experience
5,Very good and quick respon,0.4927,0,0.556,0.444,1,"[('respon', 0.4127)]","('respon', 0.4127)",response
5,Thanks a lot,0.4404,0,0.408,0.592,2,"[('thanks', 0.6009), ('lot', 0.3365)]","('thanks', 0.6009)",user experience
5,Fast and detail,0,0,1,0,0,"[('detail', 0.7021)]","('detail', 0.7021)",information
5,I got covid 19 and Kemenkes suggested me to install Alodokter to get free consultation and medicine. I am so happy that now a days it is easy to access health service from your bed.,0.8988,0,0.745,0.255,1,"[('access health service', 0.5508), ('install alodokter', 0.3995), ('medicine', 0.3246), ('consultation', 0.3014), ('bed', 0.2937)]","'medicine', 0.3246)",medicine
5,I got covid 19 and Kemenkes suggested me to install Alodokter to get free consultation and medicine. I am so happy that now a days it is easy to access health service from your bed.,0.8988,0,0.745,0.255,1,"[('access health service', 0.5508), ('install alodokter', 0.3995), ('medicine', 0.3246), ('consultation', 0.3014), ('bed', 0.2937)]","'consultation', 0.3014)",consultation
5,"Helpfull, thankyou alodokter",0,0,1,0,0,"[('thankyou', 0.3686)]","('thankyou', 0.3686)",user experience
5,Responsive and interactive!,0.4199,0,0.417,0.583,2,[],,response
1,"Did the long review but they somehow removed my post, well anyway i will make it short this one.. this will be my first and last using this app! Better book directly to the hospital for the Dr's appoitnment",0.7777,0,0.845,0.155,1,"[('review', 0.4247), ('dr', 0.3748), ('hospital', 0.3501), ('app', 0.3458), ('book', 0.1899)]","'dr', 0.3748)",doctor
5,Really helpfully 🙏🙏🙏,0.5563,0,0.661,0.339,1,"[('🙏 🙏 🙏', 0.2873)]","('🙏 🙏 🙏', 0.2873)",user experience
2,"It seems a chat bot, so quick to ask with template question",0,0,1,0,0,"[('chat bot', 0.6448), ('template question', 0.4048)]","('chat bot', 0.6448)",customer service
5,It really helps when i needed medicine to cure my sickness and validate any information around internet. Thank you Alodokter,0.7841,0,0.683,0.317,1,"[('needed medicine', 0.416), ('sickness', 0.3127), ('information', 0.2096), ('internet', 0.187)]","('needed medicine', 0.416)",medicine
5,It really helps when i needed medicine to cure my sickness and validate any information around internet. Thank you Alodokter,0.7841,0,0.683,0.317,1,"[('needed medicine', 0.416), ('sickness', 0.3127), ('information', 0.2096), ('internet', 0.187)]","'information', 0.2096)",information
5,New aplication need to study first,0,0,1,0,0,"[('aplication', 0.3581)]","('aplication', 0.3581)",user experience
5,So helpful and fast response,0.4754,0,0.564,0.436,1,"[('response', 0.5309)]","('response', 0.5309)",reponse
5,"it is worthed, interactive chat with options available doctors. many thanks 🙏 the rest would be wish and pray to GOD 🤲.",0.8668,0,0.662,0.338,1,"[('doctors', 0.2793), ('thanks 🙏', 0.2511), ('chat', 0.1895), ('options', 0.1642), ('god', 0.1051)]","('doctors', 0.2793)",doctor
5,"it is worthed, interactive chat with options available doctors. many thanks 🙏 the rest would be wish and pray to GOD 🤲.",0.8668,0,0.662,0.338,1,"[('doctors', 0.2793), ('thanks 🙏', 0.2511), ('chat', 0.1895), ('options', 0.1642), ('god', 0.1051)]","'chat', 0.1895)",customer service
5,easy to use,0.4404,0,0.408,0.592,2,[],,user experience
5,Thaks to support,0.4019,0,0.426,0.574,2,"[('thaks', 0.6908)]","('thaks', 0.6908)",user experience
1,"Hii, need help. Please fix, per today since 18:30 on Redmi Note 8 Pro device, this apps does not work WHILE I am in the middle of PAID consultation with the doctors about my health concerns.... Previously re-install solved the issues, but suddenly it repeated and cannot be solved again even though i already reinstalled the apps. The notif pop-up said that there are not any internet connection, meanwhile I am opening other online apps are clearly fast and speed test the internet speed above 10Mbps",0.6574,0.024,0.882,0.094,1,"[('internet speed', 0.4178), ('internet connection', 0.3695), ('redmi note', 0.3434), ('apps', 0.2716), ('pro device', 0.2274)]","('internet speed', 0.4178)",internet speed
1,"Hii, need help. Please fix, per today since 18:30 on Redmi Note 8 Pro device, this apps does not work WHILE I am in the middle of PAID consultation with the doctors about my health concerns.... Previously re-install solved the issues, but suddenly it repeated and cannot be solved again even though i already reinstalled the apps. The notif pop-up said that there are not any internet connection, meanwhile I am opening other online apps are clearly fast and speed test the internet speed above 10Mbps",0.6574,0.024,0.882,0.094,1,"[('internet speed', 0.4178), ('internet connection', 0.3695), ('redmi note', 0.3434), ('apps', 0.2716), ('pro device', 0.2274)]","'internet connection', 0.3695)",internet connection
5,God bless this application and all the doctors!,0.636,0,0.536,0.464,1,"[('doctors', 0.3627), ('application', 0.3327), ('god', 0.182)]","('doctors', 0.3627)",doctor
5,Very helpful app,0.4754,0,0.393,0.607,2,"[('app', 0.6957)]","('app', 0.6957)",user experience
4,"Kind Of disappointed with the system. When you look for the doctor, it was said that they are available.. but then after you purchased for consultation, it said that they are busy.. then after i wait for them to finish their session, they immediately went offline.. why cannot we consult first then pay? Or is there any other way so that we do not waste our time like that?",0.4953,0.071,0.842,0.087,1,"[('consultation', 0.4068), ('doctor', 0.2967), ('system', 0.1646), ('session', 0.1145), ('way', 0.0553)]","('consultation', 0.4068)",consultation
4,"Kind Of disappointed with the system. When you look for the doctor, it was said that they are available.. but then after you purchased for consultation, it said that they are busy.. then after i wait for them to finish their session, they immediately went offline.. why cannot we consult first then pay? Or is there any other way so that we do not waste our time like that?",0.4953,0.071,0.842,0.087,1,"[('consultation', 0.4068), ('doctor', 0.2967), ('system', 0.1646), ('session', 0.1145), ('way', 0.0553)]","'doctor', 0.2967)",doctor
4,"Kind Of disappointed with the system. When you look for the doctor, it was said that they are available.. but then after you purchased for consultation, it said that they are busy.. then after i wait for them to finish their session, they immediately went offline.. why cannot we consult first then pay? Or is there any other way so that we do not waste our time like that?",0.4953,0.071,0.842,0.087,1,"[('consultation', 0.4068), ('doctor', 0.2967), ('system', 0.1646), ('session', 0.1145), ('way', 0.0553)]","'system', 0.1646)",system
4,"Kind Of disappointed with the system. When you look for the doctor, it was said that they are available.. but then after you purchased for consultation, it said that they are busy.. then after i wait for them to finish their session, they immediately went offline.. why cannot we consult first then pay? Or is there any other way so that we do not waste our time like that?",0.4953,0.071,0.842,0.087,1,"[('consultation', 0.4068), ('doctor', 0.2967), ('system', 0.1646), ('session', 0.1145), ('way', 0.0553)]","'session', 0.1145)",session
4,"Kind Of disappointed with the system. When you look for the doctor, it was said that they are available.. but then after you purchased for consultation, it said that they are busy.. then after i wait for them to finish their session, they immediately went offline.. why cannot we consult first then pay? Or is there any other way so that we do not waste our time like that?",0.4953,0.071,0.842,0.087,1,"[('consultation', 0.4068), ('doctor', 0.2967), ('system', 0.1646), ('session', 0.1145), ('way', 0.0553)]","'way', 0.0553)",consultation
5,Good and quick respon,0.4404,0,0.508,0.492,1,"[('respon', 0.558)]","('respon', 0.558)",reponse
5,Is this app only meant for Indonesia?am from Singapore trying to register but cannot Alredy tried to register with my email and phone number for verification but cannot ?,0.2047,0,0.939,0.061,1,"[('singapore', 0.4557), ('indonesia?am', 0.4513), ('app', 0.3559), ('verification', 0.2793), ('phone number', 0.24)]","'verification', 0.2793)",verification
5,It is user friendly,0.4939,0,0.484,0.516,2,"[('is user', 0.4016)]","('is user', 0.4016)",user experience
1,"This is a scam app, do not even try. Do not let them have your phone number, more importantly do not let them know YOUR BANK ACCOUNT NUMBER, they can autodebit/autocharge you even without your consent. Worse, they sell your data to third parties. They do all those WITHOUT your consent.",0.485,0.115,0.702,0.183,1,"[('scam app', 0.6777), ('bank account number', 0.4924), ('phone number', 0.3719), ('data', 0.2221), ('consent', 0.1915)]","'bank account number', 0.4924)",payment
1,"This is a scam app, do not even try. Do not let them have your phone number, more importantly do not let them know YOUR BANK ACCOUNT NUMBER, they can autodebit/autocharge you even without your consent. Worse, they sell your data to third parties. They do all those WITHOUT your consent.",0.485,0.115,0.702,0.183,1,"[('scam app', 0.6777), ('bank account number', 0.4924), ('phone number', 0.3719), ('data', 0.2221), ('consent', 0.1915)]","'phone number', 0.3719)",phone number
1,"This is a scam app, do not even try. Do not let them have your phone number, more importantly do not let them know YOUR BANK ACCOUNT NUMBER, they can autodebit/autocharge you even without your consent. Worse, they sell your data to third parties. They do all those WITHOUT your consent.",0.485,0.115,0.702,0.183,1,"[('scam app', 0.6777), ('bank account number', 0.4924), ('phone number', 0.3719), ('data', 0.2221), ('consent', 0.1915)]","'data', 0.2221)",data
1,"This is a scam app, do not even try. Do not let them have your phone number, more importantly do not let them know YOUR BANK ACCOUNT NUMBER, they can autodebit/autocharge you even without your consent. Worse, they sell your data to third parties. They do all those WITHOUT your consent.",0.485,0.115,0.702,0.183,1,"[('scam app', 0.6777), ('bank account number', 0.4924), ('phone number', 0.3719), ('data', 0.2221), ('consent', 0.1915)]","'consent', 0.1915)",consent
5,Very helpful during this pandemic where people limit their movement,0.4754,0,0.744,0.256,1,"[('pandemic', 0.5651), ('movement', 0.4389), ('people', 0.2406)]","('pandemic', 0.5651)",user experience
5,Fast respond ...,0,0,1,0,0,"[('respond', 0.578)]","('respond', 0.578)",response
5,"Great apps, easy and believable!! You should download and get the lots information about your health from Alodokter!!",0.8469,0,0.662,0.338,1,"[('apps', 0.5346), ('alodokter', 0.3868), ('health', 0.3783), ('lots information', 0.172)]","'lots information', 0.172)",information
4,"I find some good doctors. Will be better if we can edit review to doctor because some doctors did not reply and I give bad feedback, and find out they answer and having bad signal. The review box popped out before I can read the reply. So I feel bad for the review.",-0.7152,0.167,0.743,0.09,-1,"[('edit review', 0.574), ('review box', 0.5612), ('review', 0.5047), ('doctors', 0.4277), ('feedback', 0.4042)]","('edit review', 0.574)",edit review
4,"I find some good doctors. Will be better if we can edit review to doctor because some doctors did not reply and I give bad feedback, and find out they answer and having bad signal. The review box popped out before I can read the reply. So I feel bad for the review.",-0.7152,0.167,0.743,0.09,-1,"[('edit review', 0.574), ('review box', 0.5612), ('review', 0.5047), ('doctors', 0.4277), ('feedback', 0.4042)]","'doctors', 0.4277)",doctor
5,Easy to use. Useful for quick n simple consultation.,0.7003,0,0.547,0.453,1,"[('consultation', 0.4663), ('n', 0.08)]","('consultation', 0.4663)",consultation
5,The best app,0.6369,0,0.323,0.677,2,"[('app', 0.7303)]","('app', 0.7303)",user experience
5,I got a fast response from the doctor,0,0,1,0,0,"[('doctor', 0.3393), ('response', 0.2942)]","('doctor', 0.3393)",doctor
5,I got a fast response from the doctor,0,0,1,0,0,"[('doctor', 0.3393), ('response', 0.2942)]","'response', 0.2942)",response
1,Useless and detrimental app! user money thief! using user data without permission and then taking money in the account at will.,-0.7772,0.263,0.737,0,-1,"[('user money thief', 0.6705), ('app', 0.5068), ('using user data', 0.4937), ('account', 0.3638), ('taking money', 0.3337)]","('user money thief', 0.6705)",payment
1,Useless and detrimental app! user money thief! using user data without permission and then taking money in the account at will.,-0.7772,0.263,0.737,0,-1,"[('user money thief', 0.6705), ('app', 0.5068), ('using user data', 0.4937), ('account', 0.3638), ('taking money', 0.3337)]","'using user data', 0.4937)",data
1,Useless and detrimental app! user money thief! using user data without permission and then taking money in the account at will.,-0.7772,0.263,0.737,0,-1,"[('user money thief', 0.6705), ('app', 0.5068), ('using user data', 0.4937), ('account', 0.3638), ('taking money', 0.3337)]","'account', 0.3638)",account
5,"Very good, fast response",0.4927,0,0.484,0.516,2,"[('response', 0.5506)]","('response', 0.5506)",response
5,Helpful with fair price,0.6249,0,0.282,0.718,2,"[('price', 0.478)]","('price', 0.478)",price
